hidden_dim,lr,batch_size,avg_mse,avg_r2
16.0,0.001,16.0,1.1093270579973857,0.5352897246678671
